type,time ms,percent
computation_time,501.43410498046876,96.95058291075425
exposed_comm_time,0.0,0.0
exposed_memcpy_time,1.02669970703125,0.19850890492352416
busy_time,502.4608046875,97.14909181567776
idle_time,14.745064453125,2.85090818432223
total_time,517.205869140625,100.0
total_comm_time,0.0,0.0
total_memcpy_time,1.02669970703125,0.19850890492352416
