type,time ms,percent
computation_time,528.5053193359375,84.33006783008264
exposed_comm_time,0.0,0.0
exposed_memcpy_time,0.3624677734375,0.05783656436724325
busy_time,528.867787109375,84.38790439444988
idle_time,97.84262939453124,15.612095605550127
total_time,626.7104165039062,100.0
total_comm_time,0.0,0.0
total_memcpy_time,0.3624677734375,0.05783656436724325
