type,time ms,percent
computation_time,4796.721219726563,14.862828255583096
exposed_comm_time,17915.899888183594,55.51311633188316
exposed_memcpy_time,46.5988583984375,0.14438838480625601
busy_time,22759.219966308592,70.52033297227251
idle_time,9514.053580566406,29.479667027727487
total_time,32273.273546875,100.0
total_comm_time,18656.613984375,57.80824792154221
total_memcpy_time,50.0540146484375,0.15509432154670347
