type,time ms,percent
computation_time,12423.335671875,87.2841251224321
exposed_comm_time,1602.9861381835938,11.262292700622508
exposed_memcpy_time,38.28398828125,0.26897642562225144
busy_time,14064.605798339844,98.81539424867685
idle_time,168.607462890625,1.1846057513231472
total_time,14233.213261230469,100.0
total_comm_time,2566.7082924804686,18.033231466234458
total_memcpy_time,60.455998046875,0.42475298400502254
