op category,Count,total_direct_kernel_time_ms,Percentage (%),Cumulative Percentage (%)
other,2335,9996.47148095703,79.79381819281501,79.79381819281501
GEMM,10440,1514.1952353515626,12.086606714002457,91.88042490681747
elementwise,32935,653.4931958007812,5.21631231132938,97.09673721814684
multi_tensor_apply,35,137.13738720703125,1.0946578263221243,98.19139504446896
reduce,2965,125.2985517578125,1.000157893495909,99.19155293796487
NORM_bwd,410,51.61275244140625,0.41198322754041,99.60353616550528
NORM_fwd,810,47.3987939453125,0.37834657497255997,99.98188274047783
CONV_fwd,5,1.33219091796875,0.01063381215151938,99.99251655262935
CONV_bwd,5,0.93751708984375,0.00748344737062035,99.99999999999997
