op category,Count,total_direct_kernel_time_ms,Percentage (%),Cumulative Percentage (%)
GEMM,2,0.52,66.66666666666666,66.66666666666666
other,1,0.26,33.33333333333333,99.99999999999999
