op category,Count,total_direct_kernel_time_ms,Percentage (%),Cumulative Percentage (%)
GEMM,26,0.19759814453125,63.857156495249946,63.857156495249946
other,8,0.04947216796875,15.987761320502395,79.84491781575234
NORM_fwd,10,0.030912109375,9.989766911224603,89.83468472697695
elementwise,16,0.027807373046875,8.98641926313871,98.82110399011566
reduce,1,0.00364794921875,1.178896009884359,100.00000000000001
